<?xml version="1.0"?>
<!--<!DOCTYPE metadata SYSTEM "http://www.esri.com/metadata/esriprof80.dtd">-->
<metadata xml:lang="es"><Esri><CreaDate>20100624</CreaDate><CreaTime>18160300</CreaTime><SyncOnce>TRUE</SyncOnce><MetaID>{E067C625-B130-4CA4-B11F-055888C94A0F}</MetaID></Esri><idinfo><citation><citeinfo><onlink Sync="TRUE">\\PCCIDETERUNO\C$\SIG-ZIPAQUIRA\FORMULACION\GEODATABASE\EXP_URBANA_AJUSTADA_PREDIOSCopy</onlink></citeinfo></citation></idinfo><distInfo><distributor><distorTran><onLineSrc><linkage Sync="TRUE">file://\\PCCIDETERUNO\C$\SIG-ZIPAQUIRA\FORMULACION\GEODATABASE\EXP_URBANA_AJUSTADA_PREDIOSCopy</linkage><protocol Sync="TRUE">Local Area Network</protocol></onLineSrc></distorTran></distributor></distInfo><dataqual><lineage><procstep><procdesc Sync="TRUE">Dataset copied.</procdesc><srcused Sync="TRUE">C:\SIG-ZIPAQUIRA\FUENTE\ACTUALIZACION\EXP_URBANA_AJUSTADA_PREDIOS</srcused><date Sync="TRUE">20100624</date><time Sync="TRUE">18160300</time></procstep></lineage></dataqual></metadata>
