<?xml version="1.0"?>
<!--<!DOCTYPE metadata SYSTEM "http://www.esri.com/metadata/esriprof80.dtd">-->
<metadata xml:lang="es"><Esri><CreaDate>20130719</CreaDate><CreaTime>13034900</CreaTime><SyncOnce>TRUE</SyncOnce><MetaID>{91775BE6-F180-4127-9669-C0819A7EA765}</MetaID></Esri><idinfo><citation><citeinfo><onlink Sync="TRUE"></onlink></citeinfo></citation></idinfo><distInfo><distributor><distorTran><onLineSrc><linkage Sync="TRUE">file://</linkage><protocol Sync="TRUE">Local Area Network</protocol></onLineSrc></distorTran></distributor></distInfo><dataqual><lineage><procstep><procdesc Sync="TRUE">Dataset moved.</procdesc><srcused Sync="TRUE">C:\KAREN\SIG-ZIPAQUIRA\VEREDA2</srcused><procdate Sync="TRUE">20130718</procdate><proctime Sync="TRUE">12074900</proctime></procstep><procstep><procdesc Sync="TRUE">Dataset copied.</procdesc><srcused Sync="TRUE"></srcused><procdate Sync="TRUE">20130719</procdate><proctime Sync="TRUE">13034900</proctime></procstep></lineage></dataqual></metadata>
